ablation,description,val_loss,mse,cosine_sim,explained_var,target_embedding_std,intervention_sensitivity_relative,probe_acc
full,AdaLN + SIGReg + Orth, z=64,0.018123018741607665,0.7645427584648132,0.9903302192687988,0.20120685844748298,0.3308623135089874,1.5553280368811446,0.45
small_z,AdaLN + SIGReg + Orth, z=16,0.012389135360717774,1.5571620464324951,0.993507981300354,0.1741124152796677,0.32107535004615784,1.2313000667099767,0.4359375
no_sigreg,AdaLN + Orth, z=64 (no SIGReg),0.02415364980697632,0.874126136302948,0.9869063496589661,0.24282747796958204,0.42023342847824097,0.7681323226596743,0.4625
no_orth,AdaLN + SIGReg, z=64 (no Orth),0.01832726001739502,0.7326995134353638,0.9902266263961792,0.20339817494533552,0.3312970995903015,1.610596699952365,0.45
no_lewm,AdaLN only, z=64 (no SIGReg, no Orth),0.02438558340072632,0.8450107574462891,0.986789882183075,0.24571239972318237,0.4204687476158142,0.6633586701435084,0.4640625
concat,Concat predictor + SIGReg + Orth, z=64,0.10811020135879516,0.6845313906669617,0.9452812075614929,0.03062525056579979,0.3373667001724243,0.14519507607144358,0.4296875
vanilla,Concat + z=16, no LeWM regs (pre-LeWM JEPA),0.11259276866912842,0.7076288461685181,0.9440762400627136,0.022048558736062818,0.3400038480758667,0.2655982969100484,0.4453125