{
  "full": {
    "n_seeds": 5,
    "val_loss_mean": 0.016207301616668703,
    "val_loss_std": 0.004877145223450529,
    "test_ev_mean": 0.17218436733212117,
    "test_ev_std": 0.049859780348727,
    "sigma_sy_mean": 0.3132714509963989,
    "sigma_sy_std": 0.02126026044211021,
    "z_sens_rel_mean": 1.5329085958034114,
    "z_sens_rel_std": 0.3884036595496901,
    "test_mse_ref": 0.7645427584648132,
    "test_cos_ref": 0.9903302192687988,
    "probe_acc_ref_pct": 45.0
  },
  "small_z": {
    "n_seeds": 5,
    "val_loss_mean": 0.01306541204452515,
    "val_loss_std": 0.008126464330330483,
    "test_ev_mean": 0.15092876276154482,
    "test_ev_std": 0.05124748521912333,
    "sigma_sy_mean": 0.3109328806400299,
    "sigma_sy_std": 0.027171255796288655,
    "z_sens_rel_mean": 1.155028824934584,
    "z_sens_rel_std": 0.35535430551489233,
    "test_mse_ref": 1.5571620464324951,
    "test_cos_ref": 0.993507981300354,
    "probe_acc_ref_pct": 43.59375
  },
  "no_sigreg": {
    "n_seeds": 5,
    "val_loss_mean": 0.022229669094085698,
    "val_loss_std": 0.004883330157761984,
    "test_ev_mean": 0.20234417139321872,
    "test_ev_std": 0.04722820563535691,
    "sigma_sy_mean": 0.3859508216381073,
    "sigma_sy_std": 0.031035031278965276,
    "z_sens_rel_mean": 0.8059172448936428,
    "z_sens_rel_std": 0.23406340236894266,
    "test_mse_ref": 0.874126136302948,
    "test_cos_ref": 0.9869063496589661,
    "probe_acc_ref_pct": 46.25
  },
  "no_orth": {
    "n_seeds": 5,
    "val_loss_mean": 0.016284158229827882,
    "val_loss_std": 0.004888427167640529,
    "test_ev_mean": 0.1684151031575773,
    "test_ev_std": 0.04538176395739623,
    "sigma_sy_mean": 0.3116076052188873,
    "sigma_sy_std": 0.01948370970095085,
    "z_sens_rel_mean": 1.5231891735987584,
    "z_sens_rel_std": 0.36412807933762936,
    "test_mse_ref": 0.7326995134353638,
    "test_cos_ref": 0.9902266263961792,
    "probe_acc_ref_pct": 45.0
  },
  "no_lewm": {
    "n_seeds": 5,
    "val_loss_mean": 0.022326149940490723,
    "val_loss_std": 0.004907833459874343,
    "test_ev_mean": 0.20354574648093968,
    "test_ev_std": 0.048407721135276936,
    "sigma_sy_mean": 0.3860700726509094,
    "sigma_sy_std": 0.03112226444158909,
    "z_sens_rel_mean": 0.8333082565439549,
    "z_sens_rel_std": 0.20530830359784522,
    "test_mse_ref": 0.8450107574462891,
    "test_cos_ref": 0.986789882183075,
    "probe_acc_ref_pct": 46.40625
  },
  "concat": {
    "n_seeds": 5,
    "val_loss_mean": 0.10557319164276122,
    "val_loss_std": 0.018507785383564655,
    "test_ev_mean": 0.02651048143037158,
    "test_ev_std": 0.0075185979077073035,
    "sigma_sy_mean": 0.323779022693634,
    "sigma_sy_std": 0.015348201989481171,
    "z_sens_rel_mean": 0.17091450433274308,
    "z_sens_rel_std": 0.019810576244336887,
    "test_mse_ref": 0.6845313906669617,
    "test_cos_ref": 0.9452812075614929,
    "probe_acc_ref_pct": 42.96875
  },
  "vanilla": {
    "n_seeds": 5,
    "val_loss_mean": 0.10331945419311525,
    "val_loss_std": 0.018365381176357398,
    "test_ev_mean": 0.02472508654965666,
    "test_ev_std": 0.005728485315342241,
    "sigma_sy_mean": 0.3313766837120056,
    "sigma_sy_std": 0.010783902600802161,
    "z_sens_rel_mean": 0.21250396245071163,
    "z_sens_rel_std": 0.03713188269828412,
    "test_mse_ref": 0.7076288461685181,
    "test_cos_ref": 0.9440762400627136,
    "probe_acc_ref_pct": 44.53125
  }
}