{
  "paper_eval_version": "1.1",
  "config": {
    "checkpoint": "ml/checkpoints/jepa_best.pt",
    "out_dir": "ml/results",
    "feature_vocab_path": "training_data/feature_vocab.json",
    "qdrant_path": "ml/qdrant_paper_eval",
    "collection": "aou_jepa_twin_targets_paper",
    "top_k": 10,
    "n_eval_patients": 200,
    "n_perm": 199,
    "skip_qdrant": false,
    "twin_reset": true,
    "n_example_patients": 2,
    "perm_seed": 0,
    "skip_baselines": false,
    "bootstrap_n": 2000,
    "baseline_mlp_epochs": 80
  },
  "checkpoint_info": {
    "epoch": 13,
    "val_loss": 0.018123018741607665
  },
  "data_meta": {
    "num_patients": 4269,
    "num_features": 25,
    "num_interventions": 3,
    "intervention_labels": [
      "metformin",
      "atorvastatin",
      "lisinopril"
    ],
    "split_sizes": {
      "train": 2989,
      "val": 640,
      "test": 640
    },
    "train_intervention_counts": [
      975,
      1050,
      964
    ],
    "val_intervention_counts": [
      209,
      225,
      206
    ],
    "test_intervention_counts": [
      209,
      225,
      206
    ],
    "max_seq_len": 64
  },
  "val_metrics": {
    "mse": 0.7810567617416382,
    "cosine_sim": 0.9909385442733765,
    "explained_var": 0.17643551081357356,
    "target_embedding_std": 0.3192570209503174,
    "context_embedding_std": 0.4060778319835663,
    "intervention_sensitivity": 0.5143565535545349,
    "intervention_sensitivity_relative": 1.611104908588929,
    "n_examples": 640
  },
  "test_metrics": {
    "mse": 0.7645427584648132,
    "cosine_sim": 0.9903302192687988,
    "explained_var": 0.20120685844748298,
    "target_embedding_std": 0.3308623135089874,
    "context_embedding_std": 0.4192691445350647,
    "intervention_sensitivity": 0.5145994325478872,
    "intervention_sensitivity_relative": 1.5553280368811446,
    "n_examples": 640
  },
  "linear_probe_sx_to_z": {
    "train_acc": 0.4857811977249916,
    "eval_acc": 0.45,
    "per_class_eval_acc": {
      "0": 0.5406698564593302,
      "1": 0.4577777777777778,
      "2": 0.34951456310679613
    },
    "majority_baseline": 0.3515625
  },
  "ablation_mse": {
    "true_z (trained objective)": {
      "mse": 0.7645428240299225,
      "cosine_to_s_y": 0.990330308675766,
      "n": 640
    },
    "fixed z=0 (ignore treatment)": {
      "mse": 0.7867189943790436,
      "cosine_to_s_y": 0.9903270840644837,
      "n": 640
    },
    "in-batch shuffled z (misaligned)": {
      "mse": 0.7655794322490692,
      "cosine_to_s_y": 0.9902783513069153,
      "n": 640
    },
    "(z+1) mod 3 (shift)": {
      "mse": 0.7633741855621338,
      "cosine_to_s_y": 0.9902484893798829,
      "n": 640
    },
    "random z embedding (placebo)": {
      "mse": 1.1148523688316345,
      "cosine_to_s_y": 0.9859652400016785,
      "n": 640
    }
  },
  "permutation_null_mse": {
    "mse_with_true_z": 0.7645428240299225,
    "perm_null_mse_mean": 0.7651421655961615,
    "perm_null_mse_std": 0.0002624650218004442,
    "n_permutations": 199,
    "p_onesided_better_than_shuffle": 0.0,
    "p_twosided_approx": 0.0
  },
  "z_alignment_true_vs_mismatch": {
    "mean_cosine_z_eq_z_true": 0.9903303142637014,
    "mean_max_cosine_z_ne_z_true": 0.990444204583764,
    "gap": -0.00011389032006263733,
    "n": 640
  },
  "z_argmax_on_sy": {
    "argmax_z_accuracy": 0.384375,
    "n": 640,
    "chance_3class": 0.3333333333333333
  },
  "pre_hba1c_risk_strata": [
    {
      "stratum": "tertile_low_<= 6.00",
      "n": 82,
      "intervention_sensitivity": 0.5178045431772867,
      "n_metformin": 25
    },
    {
      "stratum": "tertile_mid_6.00..6.94",
      "n": 77,
      "intervention_sensitivity": 0.515939732392629,
      "n_metformin": 40
    },
    {
      "stratum": "tertile_high_> 6.94",
      "n": 80,
      "intervention_sensitivity": 0.5139435529708862,
      "n_metformin": 39
    }
  ],
  "qdrant_unfiltered": {
    "n_eval_patients": 198,
    "top_k": 10,
    "latency_ms": {
      "mean": 9.04848249105859,
      "median": 8.61560000339523,
      "p95": 12.024129995552357,
      "p99": 13.916867995867511
    },
    "per_z": {
      "metformin": {
        "z": 0,
        "treatment_match_rate": 0.27424242424242423,
        "random_treatment_match_rate": 0.32525252525252524,
        "lift_over_random": -0.051010101010101006,
        "outcomes": {
          "hba1c": {
            "display": "HbA1c (%)",
            "mean_of_top_k_means": 6.356079888032324,
            "std_of_top_k_means": 0.5100149666198636,
            "n_patients": 195
          },
          "ldl_chol": {
            "display": "LDL cholesterol",
            "mean_of_top_k_means": 94.89378591090073,
            "std_of_top_k_means": 24.617251579069336,
            "n_patients": 135
          },
          "systolic_bp": {
            "display": "Systolic BP (mmHg)",
            "mean_of_top_k_means": 129.51366420698142,
            "std_of_top_k_means": 4.388043353285162,
            "n_patients": 198
          },
          "diastolic_bp": {
            "display": "Diastolic BP",
            "mean_of_top_k_means": 75.71065859196754,
            "std_of_top_k_means": 2.7976770051508013,
            "n_patients": 198
          },
          "bmi": {
            "display": "BMI",
            "mean_of_top_k_means": 31.529194259310987,
            "std_of_top_k_means": 3.0036311528499855,
            "n_patients": 198
          },
          "glucose": {
            "display": "Glucose",
            "mean_of_top_k_means": 113.66524913938301,
            "std_of_top_k_means": 12.223569043843172,
            "n_patients": 198
          },
          "hdl_chol": {
            "display": "HDL cholesterol",
            "mean_of_top_k_means": 49.60266724950097,
            "std_of_top_k_means": 4.59255988879383,
            "n_patients": 198
          },
          "total_chol": {
            "display": "Total cholesterol",
            "mean_of_top_k_means": 165.01081869158392,
            "std_of_top_k_means": 11.32573566117472,
            "n_patients": 198
          }
        }
      },
      "atorvastatin": {
        "z": 1,
        "treatment_match_rate": 0.5848484848484848,
        "random_treatment_match_rate": 0.36363636363636365,
        "lift_over_random": 0.2212121212121212,
        "outcomes": {
          "hba1c": {
            "display": "HbA1c (%)",
            "mean_of_top_k_means": 6.346850755637284,
            "std_of_top_k_means": 0.5127244399857754,
            "n_patients": 198
          },
          "ldl_chol": {
            "display": "LDL cholesterol",
            "mean_of_top_k_means": 91.17527564439457,
            "std_of_top_k_means": 23.16052631037573,
            "n_patients": 131
          },
          "systolic_bp": {
            "display": "Systolic BP (mmHg)",
            "mean_of_top_k_means": 130.63309558754034,
            "std_of_top_k_means": 4.334720774854848,
            "n_patients": 198
          },
          "diastolic_bp": {
            "display": "Diastolic BP",
            "mean_of_top_k_means": 75.82482970031157,
            "std_of_top_k_means": 3.219825938405525,
            "n_patients": 198
          },
          "bmi": {
            "display": "BMI",
            "mean_of_top_k_means": 31.296554241337912,
            "std_of_top_k_means": 2.7542288795664147,
            "n_patients": 198
          },
          "glucose": {
            "display": "Glucose",
            "mean_of_top_k_means": 111.39010346339111,
            "std_of_top_k_means": 10.301844569436415,
            "n_patients": 198
          },
          "hdl_chol": {
            "display": "HDL cholesterol",
            "mean_of_top_k_means": 49.93898038744869,
            "std_of_top_k_means": 4.289436500815843,
            "n_patients": 198
          },
          "total_chol": {
            "display": "Total cholesterol",
            "mean_of_top_k_means": 164.32015498395108,
            "std_of_top_k_means": 10.81686414569103,